[
    {
        "id": 2,
        "activo_id": 1,
        "fecha_apertura": "2026-02-15",
        "prioridad": "Alta",
        "categoria": "Software",
        "descripcion": "Me preocupe",
        "estado": "Resuelta",
        "tecnico": "Alex"
    },
    {
        "id": 3,
        "activo_id": 3,
        "fecha_apertura": "2026-02-15",
        "prioridad": "Media",
        "categoria": "Software",
        "descripcion": "Me preocupe",
        "estado": "En espera",
        "tecnico": "Oscar"
    }
]