Código,Tipo,Marca,Modelo,Nº Serie,Ubicación,Estado
ACT-2001,PC,Dell,OptiPlex 7090,SN002001,Aula 201,Operativo
ACT-0001,Portátil,HP,EliteBook,SN002002,Despacho,Operativo
ACTIVO-2003,Impresora,Canon,Pixma,SN002003,Secretaría,Operativo
ACT-2004,Router,TP-Link,Archer,SN001234,Sala Servidores,Operativo
ACT-2005,PC,Lenovo,ThinkCentre,SN002005,Aula 202,Roto
ACT-2006,Portátil,Dell,,SN002006,Biblioteca,Operativo
ACT-2007,Impresora,HP,LaserJet,SN002007,,Operativo
,PC,HP,ProDesk,SN002008,Laboratorio,Operativo
ACT-2009,Monitor,Samsung,S27,SN002009,Aula 203,Operativo
ACT-2010,PC,Dell,OptiPlex,SN002001,Aula 204,Operativo